InterneGap1_1;InterneGap1_2;InternGap2_1;InternGap2_2;InternGap4;InternGap5;InternGap7;InternGap8;InternGap9
18/11/2014;18/11/2014;26/11/2014;26/11/2014;28/10/2014;19/11/2014;13/11/2014;26/11/2014;23/10/2014
06/01/2015;06/01/2015;07/01/2015;07/01/2015;16/12/2014;17/12/2014;11/12/2014;07/01/2015;27/11/2014
03/02/2015;03/02/2015;04/02/2015;04/02/2015;06/01/2015;04/02/2015;08/01/2015;04/02/2015;08/01/2015
03/03/2015;03/03/2015;04/03/2015;04/03/2015;03/02/2015;04/03/2015;29/01/2015;04/03/2015;05/02/2015
28/04/2015;28/04/2015;15/04/2015;15/04/2015;03/03/2015;15/04/2015;12/03/2015;15/04/2015;05/03/2015
02/06/2015;02/06/2015;03/06/2015;03/06/2015;14/04/2015;03/06/2015;16/04/2015;03/06/2015;16/04/2015
30/06/2015;30/06/2015;01/07/2015;01/07/2015;02/06/2015;01/07/2015;04/06/2015;01/07/2015;04/06/2015
21/07/2015;21/07/2015;22/07/2015;22/07/2015;30/06/2015;22/07/2015;02/07/2015;22/07/2015;02/07/2015
25/12/2014;27/11/2014;26/12/2014;26/12/2014;08/11/2014;22/11/2014;24/12/2014;15/01/2015;27/11/2014
24/01/2015;12/12/2014;27/12/2014;27/12/2014;16/11/2014;23/11/2014;25/12/2014;04/12/2014;12/12/2014
25/01/2015;09/01/2015;;28/12/2014;22/11/2014;29/12/2014;;22/01/2015;09/01/2015
26/01/2015;23/01/2015;;29/12/2014;25/12/2014;30/12/2014;;18/11/2014;23/01/2015
27/01/2015;06/02/2015;;13/02/2015;17/01/2015;31/12/2014;;05/03/2015;06/02/2015
28/01/2015;27/02/2015;;14/02/2015;;24/01/2015;;;27/02/2015
29/01/2015;06/03/2015;;15/02/2015;;25/01/2015;;;06/03/2015
30/01/2015;27/03/2015;;16/02/2015;;05/04/2015;;;27/03/2015
31/01/2015;10/04/2015;;17/02/2015;;06/04/2015;;;10/04/2015
08/11/2014;30/04/2015;;06/03/2015;;27/03/2015;;;30/04/2015
09/11/2014;;;07/03/2015;;28/03/2015;;;
29/11/2014;;;08/03/2015;;29/03/2015;;;
30/11/2014;;;09/03/2015;;;;;
